{
    "name": "AzureUdemy_S3_LS",
    "properties": {
        "description": "This is the linked service to connect to the S3 account.",
        "annotations": [],
        "type": "AmazonS3",
        "typeProperties": {
            "serviceUrl": "https://s3.amazonaws.com",
            "accessKeyId": {
                "type": "AzureKeyVaultSecret",
                "store": {
                    "referenceName": "AzureKeyVault1",
                    "type": "LinkedServiceReference"
                },
                "secretName": "AzureUdemyProjectAccessKeyID"
            },
            "secretAccessKey": {
                "type": "AzureKeyVaultSecret",
                "store": {
                    "referenceName": "AzureKeyVault1",
                    "type": "LinkedServiceReference"
                },
                "secretName": "AzureUdemyProjectS3SecretAccessKey"
            },
            "authenticationType": "AccessKey"
        }
    }
}