{
    "now": "2023-01-24T16:32:51.806Z",
    "perfNow": 10472922.300000012,
    "diagnosticCorrelation": "274c5b2d-ca0b-4154-8cf6-76f6382d7860",
    "source": "DownloadSupportFiles",
    "environment": {
        "productName": "adf",
        "buildVersion": "1.0.012023.12",
        "environmentType": 3,
        "resourceName": "AzureUdemyADFproject",
        "resourceRegion": "eastus",
        "resourceGroup": "iotdata_usecase",
        "subscriptionId": "e128f23b-01b7-469a-ba80-1f6cd7bb88c9",
        "sessionId": "e5aUQkyCmXjwpNiGrkh+Y1",
        "operationId": "",
        "gitType": "live",
        "loggingKey": "18918ec5-a019-4f25-a8a6-be04aa573602"
    },
    "additionalInfo": {
        "selectedResource": "AzureUdemy_S3dataset",
        "selectedResourceType": "dataset"
    }
}