{
    "name": "IngestionAzureUdemy_S3_to_ADLS",
    "properties": {
        "activities": [
            {
                "name": "Copy data1",
                "type": "Copy",
                "dependsOn": [],
                "policy": {
                    "timeout": "0.12:00:00",
                    "retry": 0,
                    "retryIntervalInSeconds": 30,
                    "secureOutput": false,
                    "secureInput": false
                },
                "userProperties": [],
                "typeProperties": {
                    "source": {
                        "type": "JsonSource",
                        "storeSettings": {
                            "type": "AmazonS3ReadSettings",
                            "recursive": true,
                            "wildcardFileName": "*.json",
                            "enablePartitionDiscovery": false
                        },
                        "formatSettings": {
                            "type": "JsonReadSettings"
                        }
                    },
                    "sink": {
                        "type": "JsonSink",
                        "storeSettings": {
                            "type": "AzureBlobFSWriteSettings"
                        },
                        "formatSettings": {
                            "type": "JsonWriteSettings"
                        }
                    },
                    "enableStaging": false
                },
                "inputs": [
                    {
                        "referenceName": "AzureUdemy_S3dataset",
                        "type": "DatasetReference",
                        "parameters": {
                            "folderpath": {
                                "value": "@Concat(formatDateTime(utcnow(), 'yyyy'), '/', formatDateTime(utcnow(), 'MM'), '/',formatDateTime(utcnow(), 'dd'), '/')",
                                "type": "Expression"
                            }
                        }
                    }
                ],
                "outputs": [
                    {
                        "referenceName": "AzureUdemy_DL_Dataset",
                        "type": "DatasetReference",
                        "parameters": {
                            "Landing": {
                                "value": "@concat('Landing/', formatDateTime(utcnow(), 'yyyy'), '/', formatDateTime(utcnow(), 'MM'), '/',formatDateTime(utcnow(), 'dd'), '/')",
                                "type": "Expression"
                            }
                        }
                    }
                ]
            }
        ],
        "annotations": []
    }
}