{
    "name": "AzureUdemy_DL_Dataset",
    "properties": {
        "linkedServiceName": {
            "referenceName": "AzureUdemy_DLS",
            "type": "LinkedServiceReference"
        },
        "parameters": {
            "Landing": {
                "type": "string"
            }
        },
        "annotations": [],
        "type": "Json",
        "typeProperties": {
            "location": {
                "type": "AzureBlobFSLocation",
                "folderPath": "landing",
                "fileSystem": "input"
            }
        },
        "schema": {}
    }
}