{
    "name": "AzureUdemy_S3dataset",
    "properties": {
        "linkedServiceName": {
            "referenceName": "AzureUdemy_S3_LS",
            "type": "LinkedServiceReference"
        },
        "parameters": {
            "folderpath": {
                "type": "string"
            }
        },
        "annotations": [],
        "type": "Json",
        "typeProperties": {
            "location": {
                "type": "AmazonS3Location",
                "bucketName": "iotdata145",
                "folderPath": {
                    "value": "@dataset().folderpath",
                    "type": "Expression"
                }
            }
        },
        "schema": {
            "type": "object",
            "properties": {
                "VehicleID": {
                    "type": "string"
                },
                "latitiude": {
                    "type": "number"
                },
                "longitude": {
                    "type": "number"
                },
                "City": {
                    "type": "string"
                },
                "temeprature": {
                    "type": "integer"
                },
                "speed": {
                    "type": "integer"
                }
            }
        }
    }
}