{
    "now": "2023-01-24T16:33:00.895Z",
    "perfNow": 10482010.699999988,
    "diagnosticCorrelation": "65254c86-b88f-4518-9869-ed7c70b8ebd0",
    "source": "DownloadSupportFiles",
    "environment": {
        "productName": "adf",
        "buildVersion": "1.0.012023.12",
        "environmentType": 3,
        "resourceName": "AzureUdemyADFproject",
        "resourceRegion": "eastus",
        "resourceGroup": "iotdata_usecase",
        "subscriptionId": "e128f23b-01b7-469a-ba80-1f6cd7bb88c9",
        "sessionId": "e5aUQkyCmXjwpNiGrkh+Y1",
        "operationId": "",
        "gitType": "live",
        "loggingKey": "18918ec5-a019-4f25-a8a6-be04aa573602"
    },
    "additionalInfo": {
        "selectedResource": "IngestionAzureUdemy_S3_to_ADLS",
        "selectedResourceType": "pipeline"
    }
}